{
  "_comment": "Contains list of implementation dependencies URL for this project",
  "list": [
    {
      "jar": "https://repo1.maven.org/maven2/com/google/code/gson/gson/2.3.1/gson-2.3.1.jar",
      "name": "Gson 2.3.1",
      "src": "https://repo1.maven.org/maven2/com/google/code/gson/gson/2.3.1/gson-2.3.1-sources.jar"
    },
    {
      "jar": "https://repo1.maven.org/maven2/com/fasterxml/jackson/dataformat/jackson-dataformat-yaml/2.14.0/jackson-dataformat-yaml-2.14.0.jar",
      "name": "Jackson Dataformat 2.14.0",
      "src": "https://repo1.maven.org/maven2/com/fasterxml/jackson/dataformat/jackson-dataformat-yaml/2.14.0/jackson-dataformat-yaml-2.14.0-sources.jar"
    },
    {
      "jar": "https://repo1.maven.org/maven2/org/yaml/snakeyaml/1.33/snakeyaml-1.33.jar",
      "name": "SnakeYAML 1.33",
      "src": "https://repo1.maven.org/maven2/org/yaml/snakeyaml/1.33/snakeyaml-1.33-sources.jar"
    },
    {
      "jar": "https://repo1.maven.org/maven2/com/fasterxml/jackson/core/jackson-core/2.14.0/jackson-core-2.14.0.jar",
      "name": "Jackson core 2.14.0",
      "src": "https://repo1.maven.org/maven2/com/fasterxml/jackson/core/jackson-core/2.14.0/jackson-core-2.14.0-sources.jar"
    },
    {
      "jar": "https://repo1.maven.org/maven2/com/fasterxml/jackson/core/jackson-databind/2.14.0/jackson-databind-2.14.0.jar",
      "name": "Jackson databind 2.14.0",
      "src": "https://repo1.maven.org/maven2/com/fasterxml/jackson/core/jackson-databind/2.14.0/jackson-databind-2.14.0-sources.jar"
    },
    {
      "jar": "https://repo1.maven.org/maven2/com/fasterxml/jackson/core/jackson-annotations/2.14.0/jackson-annotations-2.14.0.jar",
      "name": "Jackson annotation 2.14.0",
      "src": "https://repo1.maven.org/maven2/com/fasterxml/jackson/core/jackson-annotations/2.14.0/jackson-annotations-2.14.0-sources.jar"
    },
    {
      "jar": "https://repo1.maven.org/maven2/ch/qos/logback/logback-classic/1.2.3/logback-classic-1.2.3.jar",
      "name": "Logback classic 1.2.3",
      "src": "https://repo1.maven.org/maven2/ch/qos/logback/logback-classic/1.2.3/logback-classic-1.2.3-sources.jar"
    },
    {
      "jar": "https://repo1.maven.org/maven2/ch/qos/logback/logback-core/1.2.3/logback-core-1.2.3.jar",
      "name": "Logback core 1.2.3",
      "src": "https://repo1.maven.org/maven2/ch/qos/logback/logback-core/1.2.3/logback-core-1.2.3-sources.jar"
    },
    {
      "jar": "https://repo1.maven.org/maven2/org/slf4j/slf4j-api/1.7.25/slf4j-api-1.7.25.jar",
      "name": "SLF4j API 1.7.25",
      "src": "https://repo1.maven.org/maven2/org/slf4j/slf4j-api/1.7.25/slf4j-api-1.7.25-sources.jar"
    },
    {
      "jar": "https://repo1.maven.org/maven2/org/apache/tomcat/tomcat-annotations-api/10.1.1/tomcat-annotations-api-10.1.1.jar",
      "name": "Tomcat annotations API 10.1.1",
      "src": "https://repo1.maven.org/maven2/org/apache/tomcat/tomcat-annotations-api/10.1.1/tomcat-annotations-api-10.1.1-sources.jar"
    },
    {
      "jar": "https://repo1.maven.org/maven2/org/apache/tomcat/embed/tomcat-embed-core/10.1.1/tomcat-embed-core-10.1.1.jar",
      "name": "Tomcat embed core API 10.1.1",
      "src": "https://repo1.maven.org/maven2/org/apache/tomcat/embed/tomcat-embed-core/10.1.1/tomcat-embed-core-10.1.1-sources.jar"
    },
    {
      "jar": "https://repo1.maven.org/maven2/com/google/code/findbugs/jsr305/3.0.2/jsr305-3.0.2.jar",
      "name": "JSR305 3.0.2",
      "src": "https://repo1.maven.org/maven2/com/google/code/findbugs/jsr305/3.0.2/jsr305-3.0.2-sources.jar"
    },
    {
      "jar": "https://repo1.maven.org/maven2/org/jetbrains/annotations/13.0/annotations-13.0.jar",
      "name": "JSR305 3.0.2",
      "src": "https://repo1.maven.org/maven2/org/jetbrains/annotations/13.0/annotations-13.0-sources.jar"
    },
    {
      "jar": "https://repo1.maven.org/maven2/org/xerial/sqlite-jdbc/3.30.1/sqlite-jdbc-3.30.1.jar",
      "name": "SQLite JDBC Driver 3.30.1",
      "src": "https://repo1.maven.org/maven2/org/xerial/sqlite-jdbc/3.30.1/sqlite-jdbc-3.30.1-sources.jar"
    },
    {
      "jar": "https://repo1.maven.org/maven2/org/mindrot/jbcrypt/0.4/jbcrypt-0.4.jar",
      "name": "SQLite JDBC Driver 3.30.1",
      "src": "https://repo1.maven.org/maven2/org/mindrot/jbcrypt/0.4/jbcrypt-0.4-sources.jar"
    },
    {
      "jar": "https://repo1.maven.org/maven2/com/auth0/java-jwt/4.0.0/java-jwt-4.0.0.jar",
      "name": "Auth0 Java JWT",
      "src": "https://repo1.maven.org/maven2/com/auth0/java-jwt/4.0.0/java-jwt-4.0.0-sources.jar"
    },
    {
      "jar": "https://repo1.maven.org/maven2/de/mkammerer/argon2-jvm/2.11/argon2-jvm-2.11.jar",
      "name": "Argon2-jvm 2.11",
      "src": "https://repo1.maven.org/maven2/de/mkammerer/argon2-jvm/2.11/argon2-jvm-2.11-sources.jar"
    },
    {
      "jar": "https://repo1.maven.org/maven2/de/mkammerer/argon2-jvm-nolibs/2.11/argon2-jvm-nolibs-2.11.jar",
      "name": "Argon2-jvm no libs 2.11",
      "src": "https://repo1.maven.org/maven2/de/mkammerer/argon2-jvm-nolibs/2.11/argon2-jvm-nolibs-2.11-sources.jar"
    },
    {
      "jar": "https://repo1.maven.org/maven2/net/java/dev/jna/jna/5.8.0/jna-5.8.0.jar",
      "name": "JNA 5.8.0",
      "src": "https://repo1.maven.org/maven2/net/java/dev/jna/jna/5.8.0/jna-5.8.0-sources.jar"
    },
    {
      "jar": "https://repo1.maven.org/maven2/com/lambdaworks/scrypt/1.4.0/scrypt-1.4.0.jar",
      "name": "Scrypt 1.4.0",
      "src": "https://repo1.maven.org/maven2/com/lambdaworks/scrypt/1.4.0/scrypt-1.4.0-sources.jar"
    },
    {
      "jar": "https://repo1.maven.org/maven2/com/eatthepath/java-otp/0.4.0/java-otp-0.4.0.jar",
      "name": "Java OTP 0.4.0",
      "src": "https://repo1.maven.org/maven2/com/eatthepath/java-otp/0.4.0/java-otp-0.4.0-sources.jar"
    },
    {
      "jar": "https://repo1.maven.org/maven2/commons-codec/commons-codec/1.15/commons-codec-1.15.jar",
      "name": "Commons Codec 1.15",
      "src": "https://repo1.maven.org/maven2/commons-codec/commons-codec/1.15/commons-codec-1.15-sources.jar"
    }
  ]
}